{"v":"5.7.5","fr":30,"ip":0,"op":300,"w":1080,"h":1080,"nm":"OnDemand—Blur02","ddd":0,"assets":[],"layers":[{"ddd":0,"ind":1,"ty":4,"nm":"Sage 2","sr":1,"ks":{"o":{"a":1,"k":[{"i":{"x":[0.645],"y":[1]},"o":{"x":[0.559],"y":[0]},"t":0,"s":[0]},{"i":{"x":[0.446],"y":[1]},"o":{"x":[0.765],"y":[0]},"t":120,"s":[40.056]},{"t":300,"s":[0]}],"ix":11},"r":{"a":0,"k":0,"ix":10},"p":{"a":0,"k":[540.257,540.757,0],"ix":2,"l":2},"a":{"a":0,"k":[106.5,129,0],"ix":1,"l":2},"s":{"a":1,"k":[{"i":{"x":[0.336,0.336,0.667],"y":[1,1,1]},"o":{"x":[0.602,0.602,0.333],"y":[0,0,0]},"t":0,"s":[39.241,39.241,100]},{"i":{"x":[0.009,0.009,0.833],"y":[1.022,1.022,1]},"o":{"x":[0.349,0.349,0.333],"y":[0,0,0]},"t":154,"s":[108.443,108.443,100]},{"t":300,"s":[39.241,39.241,100]}],"ix":6,"l":2}},"ao":0,"shapes":[{"ty":"gr","it":[{"d":1,"ty":"el","s":{"a":0,"k":[492.486,492.486],"ix":2},"p":{"a":0,"k":[0,0],"ix":3},"nm":"Ellipse Path 1","mn":"ADBE Vector Shape - Ellipse","hd":false},{"ty":"st","c":{"a":0,"k":[0,0,0,1],"ix":3},"o":{"a":0,"k":100,"ix":4},"w":{"a":0,"k":0,"ix":5},"lc":1,"lj":1,"ml":4,"bm":0,"nm":"Stroke 1","mn":"ADBE Vector Graphic - Stroke","hd":false},{"ty":"gf","o":{"a":0,"k":100,"ix":10},"r":1,"bm":0,"g":{"p":3,"k":{"a":0,"k":[0.001,1,0.454,0,0.5,0.778,0.505,0.231,1,0.557,0.557,0.463,0,0.8,0.428,0.4,1,0],"ix":9}},"s":{"a":0,"k":[0,0],"ix":5},"e":{"a":0,"k":[245.665,0],"ix":6},"t":2,"h":{"a":0,"k":0,"ix":7},"a":{"a":0,"k":0,"ix":8},"nm":"Gradient Fill 1","mn":"ADBE Vector Graphic - G-Fill","hd":false},{"ty":"tr","p":{"a":0,"k":[106.243,128.243],"ix":2},"a":{"a":0,"k":[0,0],"ix":1},"s":{"a":0,"k":[100,100],"ix":3},"r":{"a":0,"k":0,"ix":6},"o":{"a":0,"k":100,"ix":7},"sk":{"a":0,"k":0,"ix":4},"sa":{"a":0,"k":0,"ix":5},"nm":"Transform"}],"nm":"Ellipse 1","np":3,"cix":2,"bm":0,"ix":1,"mn":"ADBE Vector Group","hd":false}],"ip":0,"op":308,"st":0,"bm":0},{"ddd":0,"ind":2,"ty":4,"nm":"Sage","sr":1,"ks":{"o":{"a":1,"k":[{"i":{"x":[0.246],"y":[1]},"o":{"x":[0.559],"y":[0]},"t":0,"s":[0]},{"i":{"x":[0.826],"y":[1]},"o":{"x":[0.164],"y":[0]},"t":90,"s":[90.2]},{"i":{"x":[0.446],"y":[1]},"o":{"x":[0.748],"y":[0]},"t":210,"s":[90.2]},{"t":300,"s":[0]}],"ix":11},"r":{"a":0,"k":0,"ix":10},"p":{"a":0,"k":[540.257,540.757,0],"ix":2,"l":2},"a":{"a":0,"k":[106.5,129,0],"ix":1,"l":2},"s":{"a":1,"k":[{"i":{"x":[0.336,0.336,0.667],"y":[1,1,1]},"o":{"x":[0.602,0.602,0.333],"y":[0,0,0]},"t":0,"s":[39.241,39.241,100]},{"i":{"x":[0.404,0.404,0.833],"y":[1,1,1]},"o":{"x":[0.664,0.664,0.333],"y":[0,0,0]},"t":150,"s":[213.221,213.221,100]},{"t":300,"s":[39.241,39.241,100]}],"ix":6,"l":2}},"ao":0,"shapes":[{"ty":"gr","it":[{"d":1,"ty":"el","s":{"a":0,"k":[492.486,492.486],"ix":2},"p":{"a":0,"k":[0,0],"ix":3},"nm":"Ellipse Path 1","mn":"ADBE Vector Shape - Ellipse","hd":false},{"ty":"st","c":{"a":0,"k":[0,0,0,1],"ix":3},"o":{"a":0,"k":100,"ix":4},"w":{"a":0,"k":0,"ix":5},"lc":1,"lj":1,"ml":4,"bm":0,"nm":"Stroke 1","mn":"ADBE Vector Graphic - Stroke","hd":false},{"ty":"gf","o":{"a":0,"k":100,"ix":10},"r":1,"bm":0,"g":{"p":3,"k":{"a":0,"k":[0.001,0.478,0.216,0,0.5,0.478,0.216,0,1,0.478,0.216,0,0,0.8,0.428,0.4,1,0],"ix":9}},"s":{"a":0,"k":[0,0],"ix":5},"e":{"a":0,"k":[245.665,0],"ix":6},"t":2,"h":{"a":0,"k":0,"ix":7},"a":{"a":0,"k":0,"ix":8},"nm":"Gradient Fill 1","mn":"ADBE Vector Graphic - G-Fill","hd":false},{"ty":"tr","p":{"a":0,"k":[106.243,128.243],"ix":2},"a":{"a":0,"k":[0,0],"ix":1},"s":{"a":0,"k":[100,100],"ix":3},"r":{"a":0,"k":0,"ix":6},"o":{"a":0,"k":100,"ix":7},"sk":{"a":0,"k":0,"ix":4},"sa":{"a":0,"k":0,"ix":5},"nm":"Transform"}],"nm":"Ellipse 1","np":3,"cix":2,"bm":0,"ix":1,"mn":"ADBE Vector Group","hd":false}],"ip":0,"op":308,"st":0,"bm":0},{"ddd":0,"ind":3,"ty":4,"nm":"Blue","sr":1,"ks":{"o":{"a":1,"k":[{"i":{"x":[0.578],"y":[1]},"o":{"x":[0.63],"y":[0]},"t":57,"s":[0]},{"i":{"x":[0.594],"y":[1]},"o":{"x":[0.59],"y":[0]},"t":229,"s":[79.972]},{"t":300,"s":[0]}],"ix":11},"r":{"a":0,"k":0,"ix":10},"p":{"a":0,"k":[540.257,540.757,0],"ix":2,"l":2},"a":{"a":0,"k":[106.5,129,0],"ix":1,"l":2},"s":{"a":1,"k":[{"i":{"x":[0.336,0.336,0.667],"y":[1,1,1]},"o":{"x":[0.602,0.602,0.333],"y":[0,0,0]},"t":59,"s":[39.241,39.241,100]},{"t":220,"s":[216.007,216.007,100]}],"ix":6,"l":2}},"ao":0,"shapes":[{"ty":"gr","it":[{"d":1,"ty":"el","s":{"a":0,"k":[492.486,492.486],"ix":2},"p":{"a":0,"k":[0,0],"ix":3},"nm":"Ellipse Path 1","mn":"ADBE Vector Shape - Ellipse","hd":false},{"ty":"st","c":{"a":0,"k":[0,0,0,1],"ix":3},"o":{"a":0,"k":100,"ix":4},"w":{"a":0,"k":0,"ix":5},"lc":1,"lj":1,"ml":4,"bm":0,"nm":"Stroke 1","mn":"ADBE Vector Graphic - Stroke","hd":false},{"ty":"gf","o":{"a":0,"k":100,"ix":10},"r":1,"bm":0,"g":{"p":3,"k":{"a":0,"k":[0.001,0.282,0.427,0.498,0.5,0.282,0.427,0.498,1,0.282,0.427,0.498,0,0.8,0.428,0.4,1,0],"ix":9}},"s":{"a":0,"k":[0,0],"ix":5},"e":{"a":0,"k":[245.665,0],"ix":6},"t":2,"h":{"a":0,"k":0,"ix":7},"a":{"a":0,"k":0,"ix":8},"nm":"Gradient Fill 1","mn":"ADBE Vector Graphic - G-Fill","hd":false},{"ty":"tr","p":{"a":0,"k":[106.243,128.243],"ix":2},"a":{"a":0,"k":[0,0],"ix":1},"s":{"a":0,"k":[100,100],"ix":3},"r":{"a":0,"k":0,"ix":6},"o":{"a":0,"k":100,"ix":7},"sk":{"a":0,"k":0,"ix":4},"sa":{"a":0,"k":0,"ix":5},"nm":"Transform"}],"nm":"Ellipse 1","np":3,"cix":2,"bm":0,"ix":1,"mn":"ADBE Vector Group","hd":false}],"ip":0,"op":308,"st":0,"bm":0}],"markers":[]}